№,Народен представител,Парламентарна група,Контакти
1,"АЙЛИН НУРИДИН ПЕХЛИВАНОВА
30-ШУМЕН","Парламентарна група ""Продължаваме Промяната – Демократична България""",Aylin.Pehlivanova@parliament.bg
2,"АЙСЕЛ АЛИЕВА МУСТАФОВА
30-ШУМЕН","Парламентарна група ""Движение за права и свободи – Ново начало"" – ДПС – Ново начало",Aysel.Mustafova@parliament.bg
3,"АЙТЕН БАЙРЯМ САБРИ
9-КЪРДЖАЛИ","Парламентарна група ""Движение за права и свободи – Ново начало"" – ДПС – Ново начало",Ayten.Sabri@parliament.bg
4,"АЛЕКСАНДЪР ВЕЛИСЛАВОВ ТОДОРОВ
16-ПЛОВДИВ ГРАД",Парламентарна група на ПП МЕЧ,Aleksandar.V.Todorov@parliament.bg
5,"АЛЕКСАНДЪР ВИКТОРОВ РАШЕВ
2-БУРГАС","Парламентарна група ""Има Такъв Народ""",Aleksandar.Rashev@parliament.bg
6,"АЛЕКСАНДЪР ГОСПОДИНОВ КОЙЧЕВ
2-БУРГАС",Парламентарна група ВЪЗРАЖДАНЕ,Aleksandar.Koychev@parliament.bg
7,"АЛЕКСАНДЪР ДИМИТРОВ СИМИДЧИЕВ
25-СОФИЯ","Парламентарна група ""Продължаваме Промяната – Демократична България""",Alexander.Simidchiev@parliament.bg
8,"АЛЕКСАНДЪР КОЙЧЕВ ИВАНОВ
23-СОФИЯ",Парламентарна група на ГЕРБ – СДС,Aleksandar.Ivanov@parliament.bg
9,"АЛЕКСАНДЪР НИКОЛОВ ВЪЛЧЕВ
27-СТАРА ЗАГОРА","Парламентарна група ""Има Такъв Народ""",Aleksandar.Valchev@parliament.bg
10,"АНГЕЛ ВАСИЛЕВ ЯНЧЕВ
4-ВЕЛИКО ТЪРНОВО",Парламентарна група ВЪЗРАЖДАНЕ,Angel.Yanchev@parliament.bg
11,"АНГЕЛ ЖЕКОВ ГЕОРГИЕВ
16-ПЛОВДИВ ГРАД",Парламентарна група ВЪЗРАЖДАНЕ,Angel.Georgiev@parliament.bg
12,"АНГЕЛ НИКОЛАЕВ СЛАВЧЕВ
26-СОФИЯ ОБЛАСТ",Парламентарна група ВЪЗРАЖДАНЕ,Angel.Slavchev@parliament.bg
13,"АНДРЕЙ ИВАНОВ ЦЕКОВ
1-БЛАГОЕВГРАД","Парламентарна група ""Продължаваме Промяната – Демократична България""",Andrey.Tsekov@parliament.bg
14,"АНДРЕЙ ИВАНОВ ЧОРБАНОВ
4-ВЕЛИКО ТЪРНОВО","Парламентарна група ""Има Такъв Народ""",Andrey.Tchorbanov@parliament.bg
15,"АНДРЕЙ СТОЯНОВ РУНЧЕВ
2-БУРГАС",Парламентарна група на ГЕРБ – СДС,Andrey.Runchev@parliament.bg
16,"АННА ВАСИЛЕВА АЛЕКСАНДРОВА
25-СОФИЯ",Парламентарна група на ГЕРБ – СДС,Anna.Aleksandrova@parliament.bg
17,"АСЕН ВАСКОВ ВАСИЛЕВ
29-ХАСКОВО","Парламентарна група ""Продължаваме Промяната – Демократична България""",Asen.Vasilev@parliament.bg
18,"АТАНАС ВЛАДИМИРОВ АТАНАСОВ
24-СОФИЯ","Парламентарна група ""БСП – ОБЕДИНЕНА ЛЕВИЦА""",Atanas.V.Atanasov@parliament.bg
19,"АТАНАС ВЛАДИСЛАВОВ СЛАВОВ
26-СОФИЯ ОБЛАСТ","Парламентарна група ""Продължаваме Промяната – Демократична България""",Atanas.Slavov@parliament.bg
20,"АТАНАС ПЕТРОВ АТАНАСОВ
23-СОФИЯ","Парламентарна група ""Продължаваме Промяната – Демократична България""",Atanas.Atanassov@parliament.bg
21,"АТИДЖЕ БАЙРЯМОВА АЛИЕВА-ВЕЛИ
19-РУСЕ","Парламентарна група ""Движение за права и свободи – Ново начало"" – ДПС – Ново начало",Atidzhe.Alieva@parliament.bg
22,"АХМЕД АХМЕДОВ ВРАНЧЕВ
1-БЛАГОЕВГРАД","Парламентарна група ""Алианс за права и свободи""",Ahmed.Vranchev@parliament.bg
23,"БАЙРАМ ЮЗКАН БАЙРАМ
17-ПЛОВДИВ ОБЛАСТ","Парламентарна група ""Движение за права и свободи – Ново начало"" – ДПС – Ново начало",Bayram.Bayram@parliament.bg
24,"БИЛЯНА ГЕОРГИЕВА ИВАНОВА
19-РУСЕ","Парламентарна група ""БСП – ОБЕДИНЕНА ЛЕВИЦА""",Bilyana.Ivanova@parliament.bg
25,"БОГДАН ВАЛЕРИЕВ БОГДАНОВ
15-ПЛЕВЕН","Парламентарна група ""Продължаваме Промяната – Демократична България""",Bogdan.Bogdanov@parliament.bg
26,"БОГОМИЛ ИВАНОВ ПЕТКОВ
7-ГАБРОВО","Парламентарна група ""Продължаваме Промяната – Демократична България""",Bogomil.Petkov@parliament.bg
27,"БОЖИДАР ПЛАМЕНОВ БОЖАНОВ
23-СОФИЯ","Парламентарна група ""Продължаваме Промяната – Демократична България""",Bozhidar.Bozhanov@parliament.bg
28,"БОЙКО ИЛИЕВ РАШКОВ
14-ПЕРНИК","Парламентарна група ""Продължаваме Промяната – Демократична България""",Boyko.Rashkov@parliament.bg
29,"БОЙКО МЕТОДИЕВ БОРИСОВ
25-СОФИЯ",Парламентарна група на ГЕРБ – СДС,Boyko.Borissov@parliament.bg
30,"БОРИС ДИМИТРОВ АЛАДЖОВ
2-БУРГАС",Парламентарна група ВЪЗРАЖДАНЕ,Boris.Aladzhov@parliament.bg
31,"БРАНИМИР НИКОЛАЕВ БАЛАЧЕВ
3-ВАРНА",Парламентарна група на ГЕРБ – СДС,Branimir.Balachev@parliament.bg
32,"ВАЛЕНТИН МИРЧОВ МИЛУШЕВ
26-СОФИЯ ОБЛАСТ",Парламентарна група на ГЕРБ – СДС,Valentin.Milushev@parliament.bg
33,"ВАЛЕРИ ПЛАМЕНОВ ЛАЧОВСКИ
15-ПЛЕВЕН",Парламентарна група на ГЕРБ – СДС,Valeri.Lachovski@parliament.bg
34,"ВАЛЕРИЯ ТОДОРОВА СЛАВОВА
16-ПЛОВДИВ ГРАД",Парламентарна група на ГЕРБ – СДС,Valeriya.Slavova@parliament.bg
35,"ВАНЯ ИВАНОВА ВАСИЛЕВА
5-ВИДИН",Нечленуващи в ПГ,Vanya.Vasileva@parliament.bg
36,"ВАСИЛ СТЕФАНОВ СТЕФАНОВ
23-СОФИЯ","Парламентарна група ""Продължаваме Промяната – Демократична България""",Vasil.Stefanov@parliament.bg
37,"ВАСИЛ ХРИСТОВ ПАНДОВ
23-СОФИЯ","Парламентарна група ""Продължаваме Промяната – Демократична България""",Vasil.Pandov@parliament.bg
38,"ВЕНКО НИКОЛОВ САБРУТЕВ
23-СОФИЯ","Парламентарна група ""Продължаваме Промяната – Демократична България""",Venko.Sabrutev@parliament.bg
39,"ВЕНЦИСЛАВ ИВАНОВ ПЕТКОВ
2-БУРГАС",Парламентарна група на ПП МЕЧ,Ventsislav.Petkov@parliament.bg
40,"ВЕНЦИСЛАВ МИХАЙЛОВ АСЕНОВ
26-СОФИЯ ОБЛАСТ","Парламентарна група ""Има Такъв Народ""",Ventsislav.Asenov@parliament.bg
41,"ВЕСЕЛИН МИЛЕНОВ ВЕШЕВ
30-ШУМЕН",Парламентарна група ВЪЗРАЖДАНЕ,Veselin.Veshev@parliament.bg
42,"ВИОЛЕТА КОЛЕВА КОМИТОВА
24-СОФИЯ",Парламентарна група на ПП МЕЧ,Violeta.Komitova@parliament.bg
43,"ВИОЛЕТА РАДЕВА КЪРПАЧЕВА
23-СОФИЯ",Парламентарна група ВЪЗРАЖДАНЕ,Violeta.Karpacheva@parliament.bg
44,"ВЛАДИМИР ВЛАДИМИРОВ ГЕОРГИЕВ
26-СОФИЯ ОБЛАСТ","Парламентарна група ""БСП – ОБЕДИНЕНА ЛЕВИЦА""",Vladimir.Georgiev@parliament.bg
45,"ГАБРИЕЛ ГЕОРГИЕВ ВЪЛКОВ
23-СОФИЯ","Парламентарна група ""БСП – ОБЕДИНЕНА ЛЕВИЦА""",Gabriel.Valkov@parliament.bg
46,"ГАЛИН НЕДЕЛЧЕВ ДУРЕВ
17-ПЛОВДИВ ОБЛАСТ","Парламентарна група ""БСП – ОБЕДИНЕНА ЛЕВИЦА""",Galin.Durev@parliament.bg
47,"ГАЛЯ СТОЯНОВА ВАСИЛЕВА
2-БУРГАС",Парламентарна група на ГЕРБ – СДС,Galya.Vasileva@parliament.bg
48,"ГЕОРГИ ИВАНОВ ГЕОРГИЕВ
1-БЛАГОЕВГРАД",Парламентарна група на ГЕРБ – СДС,Georgi.I.Georgiev@parliament.bg
49,"ГЕОРГИ НИКОЛАЕВ ГЕОРГИЕВ
29-ХАСКОВО",Парламентарна група ВЪЗРАЖДАНЕ,Georgi.N.Georgiev@parliament.bg
50,"ГЕОРГИ НИКОЛАЕВ КРЪСТЕВ
19-РУСЕ",Парламентарна група на ГЕРБ – СДС,Georgi.Krastev@parliament.bg
51,"ГЕОРГИ ТЕНЕВ СТАНКОВ
29-ХАСКОВО",Парламентарна група на ГЕРБ – СДС,Georgi.Stankov@parliament.bg
52,"ГЕОРГИ ХРИСИМИРОВ ИВАНОВ
24-СОФИЯ",Парламентарна група ВЪЗРАЖДАНЕ,Georgi.Hrisimirov@parliament.bg
53,"ГЮНАЙ МЮМЮНОВ ДАЛООЛУ
4-ВЕЛИКО ТЪРНОВО","Парламентарна група ""Движение за права и свободи – Ново начало"" – ДПС – Ново начало",Gyunay.Daloolu@parliament.bg
54,"ГЮНАЙ ХЮСМЕН ХЮСМЕН
18-РАЗГРАД",Парламентарна група на ГЕРБ – СДС,Gyunay.Hyusmen@parliament.bg
55,"ДАНИЕЛ МАКСИМ ЛОРЕР
3-ВАРНА","Парламентарна група ""Продължаваме Промяната – Демократична България""",Daniel.Lorer@parliament.bg
56,"ДАНИЕЛ ПЕТРОВ ПЕТРОВ
7-ГАБРОВО",Парламентарна група ВЪЗРАЖДАНЕ,Daniel.Petrov@parliament.bg
57,"ДАНИЕЛ СТАНИСЛАВОВ ПРОДАНОВ
27-СТАРА ЗАГОРА",Парламентарна група ВЪЗРАЖДАНЕ,Daniel.Prodanov@parliament.bg
58,"ДАНИЕЛ ТИХОМИРОВ АЛЕКСАНДРОВ
24-СОФИЯ",Парламентарна група на ГЕРБ – СДС,Daniel.Aleksandrov@parliament.bg
59,"ДАНИЕЛА КИРИЛОВА ДЖЕНЕВА
16-ПЛОВДИВ ГРАД",Парламентарна група на ГЕРБ – СДС,Daniela.Dzheneva@parliament.bg
60,"ДАНИЕЛА РУМЕНОВА РАЙЧЕВА
25-СОФИЯ",Парламентарна група на ГЕРБ – СДС,Daniela.Raycheva@parliament.bg
61,"ДАФИНКА АСПАРУХОВА СЕМЕРДЖИЕВА
13-ПАЗАРДЖИК",Парламентарна група на ГЕРБ – СДС,Dafinka.Semerdzhieva@parliament.bg
62,"ДЕЛЯН АЛЕКСАНДРОВ ДОБРЕВ
29-ХАСКОВО",Парламентарна група на ГЕРБ – СДС,Delian.Dobrev@parliament.bg
63,"ДЕЛЯН СЛАВЧЕВ ПЕЕВСКИ
1-БЛАГОЕВГРАД","Парламентарна група ""Движение за права и свободи – Ново начало"" – ДПС – Ново начало",Delyan.Peevski@parliament.bg
64,"ДЕНИЦА ДИМИТРОВА СИМЕОНОВА
6-ВРАЦА","Парламентарна група ""Продължаваме Промяната – Демократична България""",Denitsa.Simeonova@parliament.bg
65,"ДЕНИЦА ЕВГЕНИЕВА САЧЕВА
8-ДОБРИЧ",Парламентарна група на ГЕРБ – СДС,Denitsa.Sacheva@parliament.bg
66,"ДЕНИЦА ПЛАМЕНОВА НИКОЛОВА
3-ВАРНА",Парламентарна група на ГЕРБ – СДС,Denitsa.Nikolova@parliament.bg
67,"ДЕСИСЛАВ ПЕТРОВ ТАСКОВ
3-ВАРНА","Парламентарна група ""БСП – ОБЕДИНЕНА ЛЕВИЦА""",Desislav.Taskov@parliament.bg
68,"ДЕСИСЛАВА ЖЕКОВА ТАНЕВА
21-СЛИВЕН",Парламентарна група на ГЕРБ – СДС,Desislava.Taneva@parliament.bg
69,"ДЕСИТА ДИНКОВА ПЕТКОВА
27-СТАРА ЗАГОРА",Парламентарна група на ГЕРБ – СДС,Desita.Petkova@parliament.bg
70,"ДЕЯН ЦАНКОВ ДЕЧЕВ
21-СЛИВЕН","Парламентарна група ""БСП – ОБЕДИНЕНА ЛЕВИЦА""",Deyan.Dechev@parliament.bg
71,"ДЖЕВДЕТ ИБРЯМ ЧАКЪРОВ
20-СИЛИСТРА",Нечленуващи в ПГ,Djevdet.Chakarov@parliament.bg
72,"ДЖЕЙХАН ХАСАНОВ ИБРЯМОВ
30-ШУМЕН","Парламентарна група ""Алианс за права и свободи""",Dzheyhan.Ibryamov@parliament.bg
73,"ДЖЕМ ЯМЕН ЯМЕНОВ
28-ТЪРГОВИЩЕ","Парламентарна група ""Движение за права и свободи – Ново начало"" – ДПС – Ново начало",Dzhem.Yamenov@parliament.bg
74,"ДЖИПО НИКОЛОВ ДЖИПОВ
18-РАЗГРАД","Парламентарна група ""Продължаваме Промяната – Демократична България""",Dzhipo.Dzhipov@parliament.bg
75,"ДИМИТЪР АНГЕЛОВ ИВАНОВ
31-ЯМБОЛ",Парламентарна група на ГЕРБ – СДС,Dimitar.A.Ivanov@parliament.bg
76,"ДИМИТЪР ВАЛЕНТИНОВ ГЮРЕВ
17-ПЛОВДИВ ОБЛАСТ",Парламентарна група ВЪЗРАЖДАНЕ,Dimitar.Gyurev@parliament.bg
77,"ДИМИТЪР ИВАНОВ АВРАМОВ
15-ПЛЕВЕН","Парламентарна група ""Движение за права и свободи – Ново начало"" – ДПС – Ново начало",Dimitar.Avramov@parliament.bg
78,"ДИМИТЪР ИВАНОВ ГРИГОРОВ
26-СОФИЯ ОБЛАСТ","Парламентарна група ""Движение за права и свободи – Ново начало"" – ДПС – Ново начало",Dimitar.Grigorov@parliament.bg
79,"ДИМИТЪР СТОЙКОВ НИКОЛОВ
4-ВЕЛИКО ТЪРНОВО",Парламентарна група на ГЕРБ – СДС,Dimitar.Nikolov@parliament.bg
80,"ДИМИТЪР СТОЯНОВ ГЪРДЕВ
24-СОФИЯ","Парламентарна група ""Има Такъв Народ""",Dimitar.Gardev@parliament.bg
81,"ДИМО ГЕОРГИЕВ ДРЕНЧЕВ
14-ПЕРНИК",Парламентарна група ВЪЗРАЖДАНЕ,Dimo.Drenchev@parliament.bg
82,"ДИМЧО ДИМИТРОВ ДИМЧЕВ
10-КЮСТЕНДИЛ",Парламентарна група ВЪЗРАЖДАНЕ,Dimcho.Dimchev@parliament.bg
83,"ДРАГОМИР ВЕЛКОВ СТОЙНЕВ
27-СТАРА ЗАГОРА","Парламентарна група ""БСП – ОБЕДИНЕНА ЛЕВИЦА""",Dragomir.Stoynev@parliament.bg
84,"ДРАГОМИР СТЕФАНОВ ПЕТРОВ
19-РУСЕ","Парламентарна група ""Има Такъв Народ""",Dragomir.Petrov@parliament.bg
85,"ЕЛВАН БЕХЧЕТ ГЮРКАШ
9-КЪРДЖАЛИ","Парламентарна група ""Движение за права и свободи – Ново начало"" – ДПС – Ново начало",Elvan.Gyurkash@parliament.bg
86,"ЕЛИСАВЕТА ДИМИТРОВА БЕЛОБРАДОВА
23-СОФИЯ","Парламентарна група ""Продължаваме Промяната – Демократична България""",Elisaveta.Belobradova@parliament.bg
87,"ЕМИЛ ЯНКОВ ЯНКОВ
16-ПЛОВДИВ ГРАД",Парламентарна група ВЪЗРАЖДАНЕ,Emil.Yankov@parliament.bg
88,"ЕРБИЛ ХАЛИМ ХАЛИМ
29-ХАСКОВО","Парламентарна група ""Движение за права и свободи – Ново начало"" – ДПС – Ново начало",Erbil.Halim@parliament.bg
89,"ЕРТЕН БЕЛГИНОВА АНИСОВА
8-ДОБРИЧ","Парламентарна група ""Движение за права и свободи – Ново начало"" – ДПС – Ново начало",Erten.Anisova@parliament.bg
90,"ЗЛАТАН СТОЯНОВ ЗЛАТАНОВ
19-РУСЕ",Парламентарна група ВЪЗРАЖДАНЕ,Zlatan.Zlatanov@parliament.bg
91,"ИВАЙЛО ВАЛЕНТИНОВ ШОТЕВ
13-ПАЗАРДЖИК","Парламентарна група ""Продължаваме Промяната – Демократична България""",Ivaylo.Shotev@parliament.bg
92,"ИВАЙЛО ВАСИЛЕВ ПАПОВ
6-ВРАЦА",Парламентарна група ВЪЗРАЖДАНЕ,Ivaylo.Papov@parliament.bg
93,"ИВАЙЛО ГЕОРГИЕВ ЧОРБОВ
23-СОФИЯ",Парламентарна група ВЪЗРАЖДАНЕ,Ivaylo.Chorbov@parliament.bg
94,"ИВАЙЛО КОСТАДИНОВ ЛАЗАРОВ
28-ТЪРГОВИЩЕ","Парламентарна група ""ВЕЛИЧИЕ""",Ivaylo.Lazarov@parliament.bg
95,"ИВАЙЛО НИКОЛАЕВ МИРЧЕВ
23-СОФИЯ","Парламентарна група ""Продължаваме Промяната – Демократична България""",Ivaylo.Mirchev@parliament.bg
96,"ИВАЙЛО СИМЕОНОВ КОСТАДИНОВ
3-ВАРНА","Парламентарна група ""Има Такъв Народ""",Ivaylo.Kostadinov@parliament.bg
97,"ИВАН БЕЛЧЕВ БЕЛЧЕВ
19-РУСЕ","Парламентарна група ""Продължаваме Промяната – Демократична България""",Ivan.Belchev@parliament.bg
98,"ИВАН БОГОМИЛОВ ПЕТКОВ
16-ПЛОВДИВ ГРАД","Парламентарна група ""БСП – ОБЕДИНЕНА ЛЕВИЦА""",Ivan.Petkov@parliament.bg
99,"ИВАН ВЕЛИЧКОВ МИНЕВ
29-ХАСКОВО",Парламентарна група на ГЕРБ – СДС,Ivan.Minev@parliament.bg
100,"ИВАН ДАНАИЛОВ ИВАНОВ
11-ЛОВЕЧ",Парламентарна група на ПП МЕЧ,Ivan.D.Ivanov@parliament.bg
101,"ИВАН ЙОВКОВ ЧЕРВЕНКОВ
17-ПЛОВДИВ ОБЛАСТ",Парламентарна група на ГЕРБ – СДС,Ivan.Chervenkov@parliament.bg
102,"ИВАН КРАСИМИРОВ ГЕРЧЕВ
1-БЛАГОЕВГРАД",Парламентарна група на ГЕРБ – СДС,Ivan.Gerchev@parliament.bg
103,"ИВАН РУМЕНОВ КЛИСУРСКИ
6-ВРАЦА","Парламентарна група ""Има Такъв Народ""",Ivan.Klisurski@parliament.bg
104,"ИВАН ТОДОРОВ ИБРИШИМОВ
10-КЮСТЕНДИЛ","Парламентарна група ""БСП – ОБЕДИНЕНА ЛЕВИЦА""",ivan.ibrishimov@parliament.bg
105,"ИВЕЛИН ЛЮДМИЛОВ МИХАЙЛОВ
25-СОФИЯ","Парламентарна група ""ВЕЛИЧИЕ""",Ivelin.Mihaylov@parliament.bg
106,"ИВЕЛИН ПЪРВАНОВ ПЪРВАНОВ
15-ПЛЕВЕН",Парламентарна група ВЪЗРАЖДАНЕ,Ivelin.Parvanov@parliament.bg
107,"ИВО СЕВДАЛИНОВ ЦАНЕВ
6-ВРАЦА","Парламентарна група ""Движение за права и свободи – Ново начало"" – ДПС – Ново начало",Ivo.Tsanev@parliament.bg
108,"ИЛИАНА ПЕТКОВА ЖЕКОВА
27-СТАРА ЗАГОРА",Парламентарна група на ГЕРБ – СДС,Iliana.Zhekova@parliament.bg
109,"ИЛИЯН СЛАВЕЙКОВ ЙОНЧЕВ
15-ПЛЕВЕН","Парламентарна група ""БСП – ОБЕДИНЕНА ЛЕВИЦА""",Ilian.Iontchev@parliament.bg
110,"ИСКРА ДИМИТРОВА МИХАЙЛОВА-КОПАРОВА
13-ПАЗАРДЖИК","Парламентарна група ""Движение за права и свободи – Ново начало"" – ДПС – Ново начало",Iskra.Koparova@parliament.bg
111,"ИСКРА МИХАЙЛОВА МИХАЙЛОВА
27-СТАРА ЗАГОРА",Парламентарна група ВЪЗРАЖДАНЕ,Iskra.Mihaylova@parliament.bg
112,"ИСМАИЛ ЮСМЕН ОСМАН
2-БУРГАС","Парламентарна група ""Движение за права и свободи – Ново начало"" – ДПС – Ново начало",Ismail.Osman@parliament.bg
113,"ЙОРДАН КИРИЛОВ ЦОНЕВ
3-ВАРНА","Парламентарна група ""Движение за права и свободи – Ново начало"" – ДПС – Ново начало",Jordan.Tsonev@parliament.bg
114,"ЙОРДАН ХРИСТОВ ТОДОРОВ
24-СОФИЯ",Парламентарна група ВЪЗРАЖДАНЕ,Yordan.Todorov@parliament.bg
115,"ЙОРДАН ЯВОРОВ ИВАНОВ
17-ПЛОВДИВ ОБЛАСТ","Парламентарна група ""Продължаваме Промяната – Демократична България""",Yordan.Ivanov@parliament.bg
116,"ЙОРДАНКА АСЕНОВА ФАНДЪКОВА
24-СОФИЯ",Парламентарна група на ГЕРБ – СДС,Yordanka.Fandakova@parliament.bg
117,"КАЛИН ГЕОРГИЕВ СТОЯНОВ
2-БУРГАС","Парламентарна група ""Движение за права и свободи – Ново начало"" – ДПС – Ново начало",Kalin.Stoyanov@parliament.bg
118,"КИРИЛ АТАНАСОВ ВЕСЕЛИНСКИ
27-СТАРА ЗАГОРА",Парламентарна група на ПП МЕЧ,Kiril.Veselinski@parliament.bg
119,"КИРИЛ НИКОЛАЕВ ДОБРЕВ
1-БЛАГОЕВГРАД","Парламентарна група ""БСП – ОБЕДИНЕНА ЛЕВИЦА""",kiril.dobrev@parliament.bg
120,"КЛИМЕНТ ПЛАМЕНОВ ШОПОВ
21-СЛИВЕН",Парламентарна група ВЪЗРАЖДАНЕ,Kliment.Shopov@parliament.bg
121,"КОНСТАНТИНА ВЕНЦИСЛАВОВА ПЕТРОВА
8-ДОБРИЧ",Парламентарна група ВЪЗРАЖДАНЕ,Konstantina.Petrova@parliament.bg
122,"КОСТА ГЕОРГИЕВ СТОЯНОВ
3-ВАРНА",Парламентарна група ВЪЗРАЖДАНЕ,Kosta.Stoyanov@parliament.bg
123,"КОСТАДИН ГЕОРГИЕВ АНГЕЛОВ
4-ВЕЛИКО ТЪРНОВО",Парламентарна група на ГЕРБ – СДС,Kostadin.Angelov@parliament.bg
124,"КОСТАДИН ИЛИЕВ ХАДЖИЙСКИ
9-КЪРДЖАЛИ","Парламентарна група ""ВЕЛИЧИЕ""",Kostadin.Hazdhiyski@parliament.bg
125,"КОСТАДИН ТОДОРОВ КОСТАДИНОВ
3-ВАРНА",Парламентарна група ВЪЗРАЖДАНЕ,Kostadin.Kostadinov@parliament.bg
126,"КОСТАДИН ТОМОВ СТОЙКОВ
1-БЛАГОЕВГРАД",Парламентарна група на ГЕРБ – СДС,Kostadin.Stoykov@parliament.bg
127,"КРАСЕН ГЕОРГИЕВ КРЪСТЕВ
6-ВРАЦА",Парламентарна група на ГЕРБ – СДС,Krasen.Krastev@parliament.bg
128,"КРАСЕН КИРИЛОВ КРАЛЕВ
13-ПАЗАРДЖИК",Парламентарна група на ГЕРБ – СДС,Krasen.Kralev@parliament.bg
129,"КРАСИМИР БОРИСЛАВОВ ТЕРЗИЕВ
16-ПЛОВДИВ ГРАД",Парламентарна група на ГЕРБ – СДС,Krassimir.Terziev@parliament.bg
130,"КРАСИМИР ДИМЧЕВ ДОНЧЕВ
17-ПЛОВДИВ ОБЛАСТ",Парламентарна група на ПП МЕЧ,Krasimir.Donchev@parliament.bg
131,"КРАСИМИР ЙОРДАНОВ ЙОРДАНОВ
31-ЯМБОЛ","Парламентарна група ""БСП – ОБЕДИНЕНА ЛЕВИЦА""",Krasimir.Yordanov@parliament.bg
132,"КРАСИМИР МИТКОВ СЪБЕВ
22-СМОЛЯН",Парламентарна група на ГЕРБ – СДС,Krasimir.Sabev@parliament.bg
133,"КРАСИМИР ОГНЯНОВ КРАСИМИРОВ
11-ЛОВЕЧ","Парламентарна група ""Алианс за права и свободи""",Krasimir.Krassimirov@parliament.bg
134,"КРАСИМИР ЦВЕТКОВ МАНОВ
13-ПАЗАРДЖИК",Парламентарна група на ПП МЕЧ,Krasimir.Manov@parliament.bg
135,"КРАСИМИРА ПЕТКОВА НИНОВА-КАТИНЧАРОВА
27-СТАРА ЗАГОРА","Парламентарна група ""ВЕЛИЧИЕ""",Krasimira.Katincharova@parliament.bg
136,"КРИСТИАН БОЖИДАРОВ ГАНЧЕВ
3-ВАРНА",Парламентарна група на ГЕРБ – СДС,Kristian.Ganchev@parliament.bg
137,"КРИСТИНА НИКОЛАЕВА ПЕТКОВА
25-СОФИЯ","Парламентарна група ""Продължаваме Промяната – Демократична България""",Kristina.Petkova@parliament.bg
138,"КРЪСТЬО СТОЯНОВ ВРАЧЕВ
17-ПЛОВДИВ ОБЛАСТ",Парламентарна група ВЪЗРАЖДАНЕ,Krastyo.Vrachev@parliament.bg
139,"ЛАРИСА БОРИСОВА САВОВА
22-СМОЛЯН","Парламентарна група ""ВЕЛИЧИЕ""",Larisa.Savova@parliament.bg
140,"ЛЕВЕНТ ОРХАН МЕМИШ
20-СИЛИСТРА","Парламентарна група ""Алианс за права и свободи""",Levent.Memish@parliament.bg
141,"ЛЕНА ЗДРАВКОВА БОРИСЛАВОВА
24-СОФИЯ","Парламентарна група ""Продължаваме Промяната – Демократична България""",Lena.Borislavova@parliament.bg
142,"ЛЪЧЕЗАР БОГОМИЛОВ ИВАНОВ
25-СОФИЯ",Парламентарна група на ГЕРБ – СДС,Luchezar.Ivanov@parliament.bg
143,"ЛЮБЕН ИВАНОВ ИВАНОВ
5-ВИДИН","Парламентарна група ""Продължаваме Промяната – Демократична България""",Lyuben.Ivanov@parliament.bg
144,"ЛЮБЕН ЛЮБЕНОВ ДИЛОВ
2-БУРГАС",Парламентарна група на ГЕРБ – СДС,Luben.Dilov@parliament.bg
145,"ЛЮБИША БЛАЖЕВСКИ
2-БУРГАС","Парламентарна група ""ВЕЛИЧИЕ""",Ljubisha.Blazhevski@parliament.bg
146,"ЛЮБОМИР ДИМИТРОВ ХРИСТОВ
30-ШУМЕН",Парламентарна група на ГЕРБ – СДС,lyubomir.hristov@parliament.bg
147,"ЛЮБОМИР ХРИСТОВ ЗАГОРОВ
3-ВАРНА",Парламентарна група на ГЕРБ – СДС,Lyubomir.Zagorov@parliament.bg
148,"ЛЮДМИЛА НИКОЛАЕВА ИЛИЕВА
4-ВЕЛИКО ТЪРНОВО","Парламентарна група ""Продължаваме Промяната – Демократична България""",Lyudmila.Ilieva@parliament.bg
149,"МАНОИЛ МИНЧЕВ МАНЕВ
27-СТАРА ЗАГОРА",Парламентарна група на ГЕРБ – СДС,Manoil.Manev@parliament.bg
150,"МАНОЛ КОСТАДИНОВ ПЕЙКОВ
16-ПЛОВДИВ ГРАД","Парламентарна група ""Продължаваме Промяната – Демократична България""",Manol.Peykov@parliament.bg
151,"МАРГАРИТА ИВАНОВА МАХАЕВА
25-СОФИЯ",Парламентарна група ВЪЗРАЖДАНЕ,Margarita.Mahaeva@parliament.bg
152,"МАРИАНА РАДЕВА БОЯДЖИЕВА
4-ВЕЛИКО ТЪРНОВО","Парламентарна група ""БСП – ОБЕДИНЕНА ЛЕВИЦА""",mariana.boyadzhieva@parliament.bg
153,"МАРИО КИРОВ РАНГЕЛОВ
15-ПЛЕВЕН",Нечленуващи в ПГ,Mario.Rangelov@parliament.bg
154,"МАРИЯ ДИМОВА ИЛИЕВА
16-ПЛОВДИВ ГРАД","Парламентарна група ""ВЕЛИЧИЕ""",Maria.D.Ilieva@parliament.bg
155,"МАРИЯ ЩЕРЕВА БЕЛОВА
21-СЛИВЕН",Парламентарна група на ГЕРБ – СДС,Mariya.Belova@parliament.bg
156,"МАРТИН ДИМИТРОВ ДИМИТРОВ
24-СОФИЯ","Парламентарна група ""Продължаваме Промяната – Демократична България""",Martin.Dimitrov@parliament.bg
157,"МАРТИН НИКОЛАЕВ ХАРИЗАНОВ
6-ВРАЦА",Парламентарна група на ГЕРБ – СДС,Martin.Harizanov@parliament.bg
158,"МАЯ ЙОРДАНОВА ДИМИТРОВА
8-ДОБРИЧ","Парламентарна група ""БСП – ОБЕДИНЕНА ЛЕВИЦА""",Maya.Dimitrova@parliament.bg
159,"МЕХМЕД РЕДЖЕБ САЛИМ
18-РАЗГРАД","Парламентарна група ""Алианс за права и свободи""",Mehmed.Salim@parliament.bg
160,"МИЛЕН СТОЙЧЕВ ДЕЛИЙСКИ
20-СИЛИСТРА",Парламентарна група на ГЕРБ – СДС,Milen.Deliyski@parliament.bg
161,"МИХАИЛ ИЛИЕВ МИТОВ
7-ГАБРОВО",Парламентарна група на ГЕРБ – СДС,Mihail.Mitov@parliament.bg
162,"МЛАДЕН НАЙДЕНОВ МАРИНОВ
26-СОФИЯ ОБЛАСТ",Парламентарна група на ГЕРБ – СДС,Mladen.Marinov@parliament.bg
163,"МЛАДЕН НИКОЛОВ ШИШКОВ
17-ПЛОВДИВ ОБЛАСТ",Парламентарна група на ГЕРБ – СДС,Mladen.Shishkov@parliament.bg
164,"МЮМЮН САЛИ МЮМЮН
29-ХАСКОВО",Нечленуващи в ПГ,Myumyun.Myumyun@parliament.bg
165,"НАДЕЖДА ГЕОРГИЕВА ЙОРДАНОВА
24-СОФИЯ","Парламентарна група ""Продължаваме Промяната – Демократична България""",Nadejda.Iordanova@parliament.bg
166,"НАДЯ ЙОРДАНОВА ПЕТРОВА
12-МОНТАНА","Парламентарна група ""Движение за права и свободи – Ново начало"" – ДПС – Ново начало",Nadya.Petrova@parliament.bg
167,"НАТАЛИЯ ВАСИЛЕВА КИСЕЛОВА
23-СОФИЯ","Парламентарна група ""БСП – ОБЕДИНЕНА ЛЕВИЦА""",Nataliya.Kiselova@parliament.bg
168,"НЕБИЕ ИСМЕТ ЦЪРЕНСКА
13-ПАЗАРДЖИК","Парламентарна група ""Движение за права и свободи – Ново начало"" – ДПС – Ново начало",Nebie.Tsarenska@parliament.bg
169,"НЕЖДЕТ ДЖЕВДЕТ ШАБАН
28-ТЪРГОВИЩЕ","Парламентарна група ""Движение за права и свободи – Ново начало"" – ДПС – Ново начало",Nezhdet.Shaban@parliament.bg
170,"НИКОЛА АНГЕЛОВ ДИМИТРОВ
31-ЯМБОЛ",Парламентарна група ВЪЗРАЖДАНЕ,Nikola.Dimitrov@parliament.bg
171,"НИКОЛАЙ ГЕОРГИЕВ ЗЛАТАРСКИ
10-КЮСТЕНДИЛ","Парламентарна група ""Движение за права и свободи – Ново начало"" – ДПС – Ново начало",Nikolay.Zlatarski@parliament.bg
172,"НИКОЛАЙ ДЕНКОВ ДЕНКОВ
25-СОФИЯ","Парламентарна група ""Продължаваме Промяната – Демократична България""",Nikolay.Denkov@parliament.bg
173,"НИКОЛАЙ ИВАНОВ БРАТОВАНОВ
19-РУСЕ",Парламентарна група на ГЕРБ – СДС,Nikolay.Bratovanov@parliament.bg
174,"НИКОЛАЙ НАНКОВ НАНКОВ
11-ЛОВЕЧ",Парламентарна група на ГЕРБ – СДС,Nikolay.Nankov@parliament.bg
175,"НИКОЛАЙ НИДАЛ АЛГАФАРИ
23-СОФИЯ",Парламентарна група на ГЕРБ – СДС,Nikolay.Algafari@parliament.bg
176,"НИКОЛАЙ СТЕФАНОВ РАДУЛОВ
3-ВАРНА",Парламентарна група на ПП МЕЧ,Nikolay.Radulov@parliament.bg
177,"НИКОЛЕТА КИРИЛОВА КУЗМАНОВА
7-ГАБРОВО","Парламентарна група ""Има Такъв Народ""",Nikoleta.Kuzmanova@parliament.bg
178,"НИНА БОРИСОВА ДИМИТРОВА
25-СОФИЯ","Парламентарна група ""БСП – ОБЕДИНЕНА ЛЕВИЦА""",Nina.Dimitrova@parliament.bg
179,"ПАВЕЛА ВАСИЛЕВА МИТОВА
1-БЛАГОЕВГРАД","Парламентарна група ""Има Такъв Народ""",Pavela.Mitova@parliament.bg
180,"ПАВЛИН ИВАНОВ НАЙДЕНОВ
24-СОФИЯ","Парламентарна група ""Алианс за права и свободи""",Pavlin.Naydenov@parliament.bg
181,"ПАВЛИН ПАВЛОВ КРЪСТЕВ
9-КЪРДЖАЛИ","Парламентарна група ""Алианс за права и свободи""",Pavlin.Krastev@parliament.bg
182,"ПАВЛИН СТЕФАНОВ ПЕТРОВ
4-ВЕЛИКО ТЪРНОВО","Парламентарна група ""ВЕЛИЧИЕ""",Pavlin.Petrov@parliament.bg
183,"ПЕТЪР ВАСИЛЕВ КЬОСЕВ
24-СОФИЯ","Парламентарна група ""Продължаваме Промяната – Демократична България""",Petar.Kyosev@parliament.bg
184,"ПЕТЪР ГЕОРГИЕВ КЪНЕВ
2-БУРГАС","Парламентарна група ""БСП – ОБЕДИНЕНА ЛЕВИЦА""",Petar.Kanev@parliament.bg
185,"ПЕТЪР НИКОЛАЕВ ПЕТРОВ
12-МОНТАНА",Парламентарна група ВЪЗРАЖДАНЕ,Peter.Petrov@parliament.bg
186,"ПЕТЯ БОЖИДАРОВА ДИМИТРОВА
25-СОФИЯ","Парламентарна група ""Има Такъв Народ""",Petya.Dimitrova@parliament.bg
187,"ПЕТЯ НИКОЛАЕВА ЦАНКОВА
13-ПАЗАРДЖИК","Парламентарна група ""БСП – ОБЕДИНЕНА ЛЕВИЦА""",Petya.Tsankova@parliament.bg
188,"ПЛАМЕН АНГЕЛОВ ПЕТКОВ
12-МОНТАНА",Парламентарна група на ПП МЕЧ,Plamen.Petkov@parliament.bg
189,"ПЛАМЕН ТАЧЕВ ПЕТРОВ
15-ПЛЕВЕН",Парламентарна група на ГЕРБ – СДС,Plamen.Tachev@parliament.bg
190,"РАДОСЛАВ СТЕФАНОВ РИБАРСКИ
27-СТАРА ЗАГОРА","Парламентарна група ""Продължаваме Промяната – Демократична България""",Radoslav.Ribarski@parliament.bg
191,"РАДОСТИН ПЕТЕВ ВАСИЛЕВ
25-СОФИЯ",Парламентарна група на ПП МЕЧ,Radostin.Vasilev@parliament.bg
192,"РАМАДАН БАЙРАМ АТАЛАЙ
17-ПЛОВДИВ ОБЛАСТ","Парламентарна група ""Алианс за права и свободи""",Ramadan.Atalay@parliament.bg
193,"РАЯ НАЗАР НАЗАРЯН
23-СОФИЯ",Парламентарна група на ГЕРБ – СДС,Raya.Nazaryan@parliament.bg
194,"РЕМЗИ ДУРМУШ ОСМАН
9-КЪРДЖАЛИ","Парламентарна група ""Алианс за права и свободи""",remzi.osman@parliament.bg
195,"РОСИЦА ЛЮБЕНОВА КИРОВА
5-ВИДИН",Парламентарна група на ГЕРБ – СДС,Rositsa.Kirova@parliament.bg
196,"РУМЕН ДИМИТРОВ ХРИСТОВ
12-МОНТАНА",Парламентарна група на ГЕРБ – СДС,Roumen.Hristov@parliament.bg
197,"СВИЛЕН ПЕТРОВ ТРИФОНОВ
8-ДОБРИЧ","Парламентарна група ""Продължаваме Промяната – Демократична България""",Svilen.Trifonov@parliament.bg
198,"СЕВИМ ИСМАИЛ АЛИ
2-БУРГАС","Парламентарна група ""Алианс за права и свободи""",Sevim.Ali@parliament.bg
199,"СЕЙФИ САБРИ МЕХМЕДАЛИ
31-ЯМБОЛ","Парламентарна група ""Движение за права и свободи – Ново начало"" – ДПС – Ново начало",Seyfi.Mehmedali@parliament.bg
200,"СЛАВЧО АНГЕЛОВ КРУМОВ
25-СОФИЯ",Парламентарна група ВЪЗРАЖДАНЕ,Slavcho.Krumov@parliament.bg
201,"СНЕЖАНКА РАЙЧОВА ТРАЯНСКА
23-СОФИЯ","Парламентарна група ""Има Такъв Народ""",Snezhanka.Trayanska@parliament.bg
202,"СТАНИСЛАВ ГЕОРГИЕВ ИВАНОВ
3-ВАРНА",Парламентарна група на ГЕРБ – СДС,Stanislav.Ivanov@parliament.bg
203,"СТАНИСЛАВ ДИМИТРОВ АНАСТАСОВ
16-ПЛОВДИВ ГРАД","Парламентарна група ""Движение за права и свободи – Ново начало"" – ДПС – Ново начало",Stanislav.Anastassov@parliament.bg
204,"СТАНИСЛАВ КОСТАДИНОВ ГУБЕРОВ
2-БУРГАС",Парламентарна група на ГЕРБ – СДС,Stanislav.Guberov@parliament.bg
205,"СТАНИСЛАВ СВЕТОЗАРОВ БАЛАБАНОВ
17-ПЛОВДИВ ОБЛАСТ","Парламентарна група ""Има Такъв Народ""",Stanislav.Balabanov@parliament.bg
206,"СТЕЛА ДИМИТРОВА НИКОЛОВА
3-ВАРНА","Парламентарна група ""Продължаваме Промяната – Демократична България""",Stela.Nikolova@parliament.bg
207,"СТЕФАН АПОСТОЛОВ АПОСТОЛОВ
1-БЛАГОЕВГРАД",Парламентарна група на ГЕРБ – СДС,Stefan.Apostolov@parliament.bg
208,"СТЕФАН ХРИСТОВ МАРИНОВ
14-ПЕРНИК",Парламентарна група на ГЕРБ – СДС,Stefan.Marinov@parliament.bg
209,"СТИЛИАНА ИВАНОВА БОБЧЕВА
23-СОФИЯ","Парламентарна група ""ВЕЛИЧИЕ""",Stiliana.Bobcheva@parliament.bg
210,"СТОЮ ТЕОДОРОВ СТОЕВ
16-ПЛОВДИВ ГРАД","Парламентарна група ""Продължаваме Промяната – Демократична България""",Stoyu.Stoev@parliament.bg
211,"СТОЯН НИКОЛОВ ТАСЛАКОВ
13-ПАЗАРДЖИК",Парламентарна група ВЪЗРАЖДАНЕ,Stoyan.Taslakov@parliament.bg
212,"ТАНЕР КАДИР ТЮРКОГЛУ
16-ПЛОВДИВ ГРАД","Парламентарна група ""Има Такъв Народ""",Taner.Tyurkoglu@parliament.bg
213,"ТАНЕР МЕХМЕД АЛИ
28-ТЪРГОВИЩЕ","Парламентарна група ""Алианс за права и свободи""",Taner.Ali@parliament.bg
214,"ТАТЯНА СЛАВОВА СУЛТАНОВА-СИВЕВА
21-СЛИВЕН","Парламентарна група ""Продължаваме Промяната – Демократична България""",Tatyana.Sultanova@parliament.bg
215,"ТОМА ЛЮБОМИРОВ БИКОВ
23-СОФИЯ",Парламентарна група на ГЕРБ – СДС,Toma.Bikov@parliament.bg
216,"ТОШКО ЙОРДАНОВ ХАДЖИТОДОРОВ
3-ВАРНА","Парламентарна група ""Има Такъв Народ""",Toshko.Yordanov@parliament.bg
217,"ФАТИМА ИСМАИЛ ЙЪЛДЪС
1-БЛАГОЕВГРАД","Парламентарна група ""Движение за права и свободи – Ново начало"" – ДПС – Ново начало",Fatima.Yaldas@parliament.bg
218,"ФИДАНКА ИВАНОВА КАЦАРЕВА
16-ПЛОВДИВ ГРАД",Парламентарна група на ГЕРБ – СДС,Fidanka.Katsareva@parliament.bg
219,"ХАЙРИ РЕДЖЕБОВ САДЪКОВ
22-СМОЛЯН","Парламентарна група ""Алианс за права и свободи""",Hayri.Sadakov@parliament.bg
220,"ХАЛИЛ РЕДЖЕПОВ ЛЕТИФОВ
22-СМОЛЯН","Парламентарна група ""Движение за права и свободи – Ново начало"" – ДПС – Ново начало",Halil.Letifov@parliament.bg
221,"ХАМИД БАРИ ХАМИД
30-ШУМЕН","Парламентарна група ""Движение за права и свободи – Ново начало"" – ДПС – Ново начало",Hamid.Hamid@parliament.bg
222,"ХАСАН АХМЕД АДЕМОВ
18-РАЗГРАД","Парламентарна група ""Алианс за права и свободи""",Hasan.Ademov@parliament.bg
223,"ХРИСТИНА ИВАНОВА ГЕОРГИЕВА
14-ПЕРНИК",Парламентарна група на ГЕРБ – СДС,Hristina.Georgieva@parliament.bg
224,"ХРИСТИНКА ИЛИЙЧЕВА ИВАНОВА
15-ПЛЕВЕН","Парламентарна група ""Има Такъв Народ""",Hristinka.Ivanova@parliament.bg
225,"ХРИСТО БОГОМИЛОВ ТЕРЗИЙСКИ
10-КЮСТЕНДИЛ",Парламентарна група на ГЕРБ – СДС,Hristo.Terziyski@parliament.bg
226,"ХРИСТО ГЕОРГИЕВ ГАДЖЕВ
24-СОФИЯ",Парламентарна група на ГЕРБ – СДС,Hristo.Gadzhev@parliament.bg
227,"ХРИСТО ЦВЕТАНОВ РАСТАШКИ
23-СОФИЯ",Парламентарна група на ПП МЕЧ,Hristo.Rastashki@parliament.bg
228,"ХЮСЕИН ХАСАН ХАФЪЗОВ
21-СЛИВЕН","Парламентарна група ""Движение за права и свободи – Ново начало"" – ДПС – Ново начало",Hyusein.Hafazov@parliament.bg
229,"ХЮСНИ ОСМАН АДЕМ
3-ВАРНА","Парламентарна група ""Алианс за права и свободи""",Hyusni.Adem@parliament.bg
230,"ЦВЕТА ВАЛЕНТИНОВА РАНГЕЛОВА
1-БЛАГОЕВГРАД",Парламентарна група ВЪЗРАЖДАНЕ,Tsveta.Rangelova@parliament.bg
231,"ЦВЕТА ВЪЛЧЕВА КАРАЯНЧЕВА
17-ПЛОВДИВ ОБЛАСТ",Парламентарна група на ГЕРБ – СДС,Tsveta.Karayancheva@parliament.bg
232,"ЦВЕТАН ИВАНОВ ЕНЧЕВ
5-ВИДИН","Парламентарна група ""Движение за права и свободи – Ново начало"" – ДПС – Ново начало",Tsvetan.Enchev@parliament.bg
233,"ЦВЕТАН ИВАНОВ ПРЕДОВ
11-ЛОВЕЧ","Парламентарна група ""Има Такъв Народ""",Tsvetan.Predov@parliament.bg
234,"ЦОНЧО ТОМОВ ГАНЕВ
23-СОФИЯ",Парламентарна група ВЪЗРАЖДАНЕ,Tsoncho.Ganev@parliament.bg
235,"ШЕНДОАН РЕМЗИ ХАЛИТ
27-СТАРА ЗАГОРА","Парламентарна група ""Движение за права и свободи – Ново начало"" – ДПС – Ново начало",Shendoan.Halit@parliament.bg
236,"ЮКСЕЛ ОСМАН АХМЕД
20-СИЛИСТРА",Парламентарна група на ГЕРБ – СДС,Yuksel.Ahmed@parliament.bg
237,"ЮЛИАНА МЛАДЕНОВА МАТЕЕВА
3-ВАРНА","Парламентарна група ""ВЕЛИЧИЕ""",Yuliana.Mateeva@parliament.bg
238,"ЯБЛЕНКА ДИМИТРОВА ТРАЙКОВА
26-СОФИЯ ОБЛАСТ",Парламентарна група на ГЕРБ – СДС,Yablenka.Traykova@parliament.bg
239,"ЯВОР ИЛИЕВ ХАЙТОВ
25-СОФИЯ","Парламентарна група ""Алианс за права и свободи""",Yavor.Haytov@parliament.bg
240,"ЯВОР РУМЕНОВ БОЖАНКОВ
2-БУРГАС","Парламентарна група ""Продължаваме Промяната – Демократична България""",Yavor.Bozhankov@parliament.bg